Name | Category | CreatedAt
Brifs 100 | undefined | Tue Feb 03 2026 16:34:26 GMT+0530 (India Standard Time)
socks | undefined | Tue Feb 03 2026 16:34:57 GMT+0530 (India Standard Time)
socks 100 | undefined | Tue Feb 03 2026 16:34:57 GMT+0530 (India Standard Time)
T SHIRT | undefined | Tue Feb 03 2026 16:34:57 GMT+0530 (India Standard Time)
trunk 100 | undefined | Tue Feb 03 2026 16:35:01 GMT+0530 (India Standard Time)
3/4 capri 325 | undefined | Tue Feb 03 2026 16:34:17 GMT+0530 (India Standard Time)
3/4 capri 350 | undefined | Tue Feb 03 2026 16:34:18 GMT+0530 (India Standard Time)
3/4 capri 425 | undefined | Tue Feb 03 2026 16:34:18 GMT+0530 (India Standard Time)
3/4 jeans 450 | undefined | Tue Feb 03 2026 16:34:18 GMT+0530 (India Standard Time)
3/4 Niker 550 | undefined | Tue Feb 03 2026 16:34:18 GMT+0530 (India Standard Time)
3/4 Pant 175 | undefined | Tue Feb 03 2026 16:34:18 GMT+0530 (India Standard Time)
3/4 Pant 215 | undefined | Tue Feb 03 2026 16:34:18 GMT+0530 (India Standard Time)
3/4 Pant 225 | undefined | Tue Feb 03 2026 16:34:18 GMT+0530 (India Standard Time)
3/4 Pant 325 | undefined | Tue Feb 03 2026 16:34:18 GMT+0530 (India Standard Time)
3/4 Pant 350 | undefined | Tue Feb 03 2026 16:34:18 GMT+0530 (India Standard Time)
3/4 Pant 375 | undefined | Tue Feb 03 2026 16:34:18 GMT+0530 (India Standard Time)
3/4 PANT 500 | undefined | Tue Feb 03 2026 16:34:19 GMT+0530 (India Standard Time)
3/4 PANT 525 | undefined | Tue Feb 03 2026 16:34:19 GMT+0530 (India Standard Time)
3/4 pant 550 | undefined | Tue Feb 03 2026 16:34:19 GMT+0530 (India Standard Time)
3/4 pant 600 | undefined | Tue Feb 03 2026 16:34:19 GMT+0530 (India Standard Time)
3/4 PANT 625 | undefined | Tue Feb 03 2026 16:34:19 GMT+0530 (India Standard Time)
3/4 pant 650 | undefined | Tue Feb 03 2026 16:34:19 GMT+0530 (India Standard Time)
310 Barmuda | undefined | Tue Feb 03 2026 16:34:19 GMT+0530 (India Standard Time)
5T SHIRT 400 | undefined | Tue Feb 03 2026 16:34:19 GMT+0530 (India Standard Time)
Babasuit 1050 | undefined | Tue Feb 03 2026 16:34:19 GMT+0530 (India Standard Time)
Babasuit 1100 | undefined | Tue Feb 03 2026 16:34:19 GMT+0530 (India Standard Time)
Babasuit 1150 | undefined | Tue Feb 03 2026 16:34:19 GMT+0530 (India Standard Time)
babasuit 550 | undefined | Tue Feb 03 2026 16:34:19 GMT+0530 (India Standard Time)
babasuit 625 | undefined | Tue Feb 03 2026 16:34:20 GMT+0530 (India Standard Time)
babasuit 650 | undefined | Tue Feb 03 2026 16:34:20 GMT+0530 (India Standard Time)
babasuit 685 | undefined | Tue Feb 03 2026 16:34:20 GMT+0530 (India Standard Time)
Babasuit 750 | undefined | Tue Feb 03 2026 16:34:21 GMT+0530 (India Standard Time)
Babasuit 800 | undefined | Tue Feb 03 2026 16:34:21 GMT+0530 (India Standard Time)
Babasuit 950 | undefined | Tue Feb 03 2026 16:34:21 GMT+0530 (India Standard Time)
bangalore days | undefined | Tue Feb 03 2026 16:34:21 GMT+0530 (India Standard Time)
BANGLOOR DAYS 35 | undefined | Tue Feb 03 2026 16:34:22 GMT+0530 (India Standard Time)
Baniyan 175 | undefined | Tue Feb 03 2026 16:34:22 GMT+0530 (India Standard Time)
Baniyan Boys 62 | undefined | Tue Feb 03 2026 16:34:22 GMT+0530 (India Standard Time)
Baniyan Boys 69 | undefined | Tue Feb 03 2026 16:34:22 GMT+0530 (India Standard Time)
Baniyan Boys 75 | undefined | Tue Feb 03 2026 16:34:22 GMT+0530 (India Standard Time)
Baniyan boys RNS 75 | undefined | Tue Feb 03 2026 16:34:22 GMT+0530 (India Standard Time)
Baniyan gym 225 | undefined | Tue Feb 03 2026 16:34:22 GMT+0530 (India Standard Time)
Baniyan gym 275 | undefined | Tue Feb 03 2026 16:34:22 GMT+0530 (India Standard Time)
Baniyan R N 115 | undefined | Tue Feb 03 2026 16:34:22 GMT+0530 (India Standard Time)
Baniyan R N 120 | undefined | Tue Feb 03 2026 16:34:22 GMT+0530 (India Standard Time)
Baniyan R N 128 | undefined | Tue Feb 03 2026 16:34:22 GMT+0530 (India Standard Time)
Baniyan R N S 144 | undefined | Tue Feb 03 2026 16:34:22 GMT+0530 (India Standard Time)
Baniyan R N S 147 | undefined | Tue Feb 03 2026 16:34:22 GMT+0530 (India Standard Time)
Baniyan R N S 155 | undefined | Tue Feb 03 2026 16:34:23 GMT+0530 (India Standard Time)
Baniyan RN 145 | undefined | Tue Feb 03 2026 16:34:23 GMT+0530 (India Standard Time)
Baniyan V I P 115 | undefined | Tue Feb 03 2026 16:34:23 GMT+0530 (India Standard Time)
Baniyan V I P 122 | undefined | Tue Feb 03 2026 16:34:23 GMT+0530 (India Standard Time)
Baniyan V I P 138 | undefined | Tue Feb 03 2026 16:34:23 GMT+0530 (India Standard Time)
Baniyan V I P 99 | undefined | Tue Feb 03 2026 16:34:23 GMT+0530 (India Standard Time)
Banyan Boys RNS 82 | undefined | Tue Feb 03 2026 16:34:23 GMT+0530 (India Standard Time)
Barmooda 225 | undefined | Tue Feb 03 2026 16:34:23 GMT+0530 (India Standard Time)
Barmooda 245 | undefined | Tue Feb 03 2026 16:34:23 GMT+0530 (India Standard Time)
Barmooda 265 | undefined | Tue Feb 03 2026 16:34:23 GMT+0530 (India Standard Time)
Barmooda 285 | undefined | Tue Feb 03 2026 16:34:23 GMT+0530 (India Standard Time)
Barmooda 325 | undefined | Tue Feb 03 2026 16:34:24 GMT+0530 (India Standard Time)
Barmooda 345 | undefined | Tue Feb 03 2026 16:34:24 GMT+0530 (India Standard Time)
Barmooda Blak 145 | undefined | Tue Feb 03 2026 16:34:24 GMT+0530 (India Standard Time)
Barmooda Blak 165 | undefined | Tue Feb 03 2026 16:34:24 GMT+0530 (India Standard Time)
BarmoodaBlak 125 | undefined | Tue Feb 03 2026 16:34:24 GMT+0530 (India Standard Time)
Bbasuit 850 | undefined | Tue Feb 03 2026 16:34:24 GMT+0530 (India Standard Time)
Belt 115 | undefined | Tue Feb 03 2026 16:34:24 GMT+0530 (India Standard Time)
Belt 125 | undefined | Tue Feb 03 2026 16:34:24 GMT+0530 (India Standard Time)
Belt 165 | undefined | Tue Feb 03 2026 16:34:24 GMT+0530 (India Standard Time)
Belt 225 | undefined | Tue Feb 03 2026 16:34:24 GMT+0530 (India Standard Time)
Belt 250 | undefined | Tue Feb 03 2026 16:34:24 GMT+0530 (India Standard Time)
Belt 325 | undefined | Tue Feb 03 2026 16:34:24 GMT+0530 (India Standard Time)
Belt 350 | undefined | Tue Feb 03 2026 16:34:24 GMT+0530 (India Standard Time)
Belt 385 | undefined | Tue Feb 03 2026 16:34:24 GMT+0530 (India Standard Time)
Belt 450 | undefined | Tue Feb 03 2026 16:34:24 GMT+0530 (India Standard Time)
Belt 700 | undefined | Tue Feb 03 2026 16:34:24 GMT+0530 (India Standard Time)
Belt 75 | undefined | Tue Feb 03 2026 16:34:24 GMT+0530 (India Standard Time)
Belt Boys 105 | undefined | Tue Feb 03 2026 16:34:25 GMT+0530 (India Standard Time)
Belt Boys 175 | undefined | Tue Feb 03 2026 16:34:25 GMT+0530 (India Standard Time)
Belt Boys 215 | undefined | Tue Feb 03 2026 16:34:25 GMT+0530 (India Standard Time)
Belt Boys 65 | undefined | Tue Feb 03 2026 16:34:25 GMT+0530 (India Standard Time)
Belt Boys 85 | undefined | Tue Feb 03 2026 16:34:25 GMT+0530 (India Standard Time)
Boys kurtha 425 | undefined | Tue Feb 03 2026 16:34:25 GMT+0530 (India Standard Time)
Boys Kurtha 450 | undefined | Tue Feb 03 2026 16:34:25 GMT+0530 (India Standard Time)
Boys Shirt 450 | undefined | Tue Feb 03 2026 16:34:26 GMT+0530 (India Standard Time)
Boys Shirt 475 | undefined | Tue Feb 03 2026 16:34:26 GMT+0530 (India Standard Time)
Boys Shirt 525 | undefined | Tue Feb 03 2026 16:34:26 GMT+0530 (India Standard Time)
Boys Shirt 550 | undefined | Tue Feb 03 2026 16:34:26 GMT+0530 (India Standard Time)
Brifs 100 | undefined | Tue Feb 03 2026 16:34:26 GMT+0530 (India Standard Time)
Brifs 110 | undefined | Tue Feb 03 2026 16:34:26 GMT+0530 (India Standard Time)
cap 125 | undefined | Tue Feb 03 2026 16:34:26 GMT+0530 (India Standard Time)
CAP 145 | undefined | Tue Feb 03 2026 16:34:26 GMT+0530 (India Standard Time)
CAP 165 | undefined | Tue Feb 03 2026 16:34:26 GMT+0530 (India Standard Time)
CAP 225 | undefined | Tue Feb 03 2026 16:34:26 GMT+0530 (India Standard Time)
CAP 245 | undefined | Tue Feb 03 2026 16:34:26 GMT+0530 (India Standard Time)
CAP 35 | undefined | Tue Feb 03 2026 16:34:26 GMT+0530 (India Standard Time)
CAP 85 | undefined | Tue Feb 03 2026 16:34:27 GMT+0530 (India Standard Time)
CAP 95 | undefined | Tue Feb 03 2026 16:34:27 GMT+0530 (India Standard Time)
CAP125 | undefined | Tue Feb 03 2026 16:34:27 GMT+0530 (India Standard Time)
Cotton Barmooda 215 | undefined | Tue Feb 03 2026 16:34:28 GMT+0530 (India Standard Time)
Cotton Barmooda 245 | undefined | Tue Feb 03 2026 16:34:28 GMT+0530 (India Standard Time)
Cotton Barmooda 285 | undefined | Tue Feb 03 2026 16:34:28 GMT+0530 (India Standard Time)
Cotton Barmooda 325 | undefined | Tue Feb 03 2026 16:34:28 GMT+0530 (India Standard Time)
dooble mundu 575 | undefined | Tue Feb 03 2026 16:34:28 GMT+0530 (India Standard Time)
Doubil Mundu | undefined | Tue Feb 03 2026 16:34:28 GMT+0530 (India Standard Time)
Doubil Mundu 10 | undefined | Tue Feb 03 2026 16:34:28 GMT+0530 (India Standard Time)
Doubil Mundu 2 | undefined | Tue Feb 03 2026 16:34:28 GMT+0530 (India Standard Time)
Doubil Mundu 4 | undefined | Tue Feb 03 2026 16:34:29 GMT+0530 (India Standard Time)
Doubil Mundu 5 | undefined | Tue Feb 03 2026 16:34:29 GMT+0530 (India Standard Time)
Doubil Mundu 6 | undefined | Tue Feb 03 2026 16:34:29 GMT+0530 (India Standard Time)
Doubil Mundu 7 | undefined | Tue Feb 03 2026 16:34:29 GMT+0530 (India Standard Time)
Doubil Mundu 8 | undefined | Tue Feb 03 2026 16:34:29 GMT+0530 (India Standard Time)
Doubil Mundu 9 | undefined | Tue Feb 03 2026 16:34:29 GMT+0530 (India Standard Time)
Doubil Mundu A | undefined | Tue Feb 03 2026 16:34:29 GMT+0530 (India Standard Time)
Doubil Mundu B | undefined | Tue Feb 03 2026 16:34:30 GMT+0530 (India Standard Time)
Doubil Mundu C | undefined | Tue Feb 03 2026 16:34:30 GMT+0530 (India Standard Time)
Doubil Mundu D | undefined | Tue Feb 03 2026 16:34:31 GMT+0530 (India Standard Time)
Doubil Mundu E | undefined | Tue Feb 03 2026 16:34:31 GMT+0530 (India Standard Time)
Doubil Mundu F | undefined | Tue Feb 03 2026 16:34:31 GMT+0530 (India Standard Time)
Doubil Mundu G | undefined | Tue Feb 03 2026 16:34:31 GMT+0530 (India Standard Time)
Doubil Mundu H | undefined | Tue Feb 03 2026 16:34:32 GMT+0530 (India Standard Time)
Doubil Mundu I | undefined | Tue Feb 03 2026 16:34:32 GMT+0530 (India Standard Time)
Doubil Mundu J | undefined | Tue Feb 03 2026 16:34:32 GMT+0530 (India Standard Time)
Doubil Mundu k | undefined | Tue Feb 03 2026 16:34:32 GMT+0530 (India Standard Time)
Doubil Mundu l | undefined | Tue Feb 03 2026 16:34:32 GMT+0530 (India Standard Time)
Doubil Mundu m | undefined | Tue Feb 03 2026 16:34:32 GMT+0530 (India Standard Time)
Doubil Mundu N | undefined | Tue Feb 03 2026 16:34:32 GMT+0530 (India Standard Time)
Doubil Mundu O | undefined | Tue Feb 03 2026 16:34:32 GMT+0530 (India Standard Time)
Doubil Mundu P | undefined | Tue Feb 03 2026 16:34:32 GMT+0530 (India Standard Time)
Doubil Mundu q | undefined | Tue Feb 03 2026 16:34:32 GMT+0530 (India Standard Time)
DoubilMundu 3 | undefined | Tue Feb 03 2026 16:34:33 GMT+0530 (India Standard Time)
DOUBLE 660 | undefined | Tue Feb 03 2026 16:34:33 GMT+0530 (India Standard Time)
DOUBLE MUNDU 1000 | undefined | Tue Feb 03 2026 16:34:33 GMT+0530 (India Standard Time)
DOUBLE MUNDU 1075 | undefined | Tue Feb 03 2026 16:34:33 GMT+0530 (India Standard Time)
Double mundu 325 | undefined | Tue Feb 03 2026 16:34:33 GMT+0530 (India Standard Time)
Double Mundu 385 | undefined | Tue Feb 03 2026 16:34:33 GMT+0530 (India Standard Time)
Double Mundu 425 | undefined | Tue Feb 03 2026 16:34:34 GMT+0530 (India Standard Time)
Double Mundu 445 | undefined | Tue Feb 03 2026 16:34:34 GMT+0530 (India Standard Time)
Double Mundu 450 | undefined | Tue Feb 03 2026 16:34:34 GMT+0530 (India Standard Time)
Double mundu 585 | undefined | Tue Feb 03 2026 16:34:34 GMT+0530 (India Standard Time)
double mundu 600 | undefined | Tue Feb 03 2026 16:34:34 GMT+0530 (India Standard Time)
double mundu 645 | undefined | Tue Feb 03 2026 16:34:35 GMT+0530 (India Standard Time)
Double mundu 675 | undefined | Tue Feb 03 2026 16:34:35 GMT+0530 (India Standard Time)
double mundu 690 | undefined | Tue Feb 03 2026 16:34:35 GMT+0530 (India Standard Time)
Double mundu 700 | undefined | Tue Feb 03 2026 16:34:36 GMT+0530 (India Standard Time)
Double mundu 725 | undefined | Tue Feb 03 2026 16:34:37 GMT+0530 (India Standard Time)
DOUBLE MUNDU 750 | undefined | Tue Feb 03 2026 16:34:37 GMT+0530 (India Standard Time)
Double mundu 775 | undefined | Tue Feb 03 2026 16:34:37 GMT+0530 (India Standard Time)
double mundu 800 | undefined | Tue Feb 03 2026 16:34:38 GMT+0530 (India Standard Time)
Double mundu 825 | undefined | Tue Feb 03 2026 16:34:38 GMT+0530 (India Standard Time)
double mundu 850 | undefined | Tue Feb 03 2026 16:34:39 GMT+0530 (India Standard Time)
Double mundu 875 | undefined | Tue Feb 03 2026 16:34:39 GMT+0530 (India Standard Time)
DOUBLE MUNDU 900 | undefined | Tue Feb 03 2026 16:34:39 GMT+0530 (India Standard Time)
DOUBLE MUNDU 925 | undefined | Tue Feb 03 2026 16:34:40 GMT+0530 (India Standard Time)
double mundu 950 | undefined | Tue Feb 03 2026 16:34:40 GMT+0530 (India Standard Time)
double mundu 975 | undefined | Tue Feb 03 2026 16:34:40 GMT+0530 (India Standard Time)
Douil Mundu 2 | undefined | Tue Feb 03 2026 16:34:41 GMT+0530 (India Standard Time)
elt Boys 150 | undefined | Tue Feb 03 2026 16:34:41 GMT+0530 (India Standard Time)
GYM Baniyan 158 | undefined | Tue Feb 03 2026 16:34:41 GMT+0530 (India Standard Time)
GYM Baniyan 163 | undefined | Tue Feb 03 2026 16:34:41 GMT+0530 (India Standard Time)
GYM Baniyan 174 | undefined | Tue Feb 03 2026 16:34:41 GMT+0530 (India Standard Time)
Hand Kerchief 20 | undefined | Tue Feb 03 2026 16:34:41 GMT+0530 (India Standard Time)
Hand Kerchief 40 | undefined | Tue Feb 03 2026 16:34:41 GMT+0530 (India Standard Time)
HANDKERCHIEF 30 | undefined | Tue Feb 03 2026 16:34:41 GMT+0530 (India Standard Time)
Jetty Boys 50 | undefined | Tue Feb 03 2026 16:34:41 GMT+0530 (India Standard Time)
Jetty Boys 54 | undefined | Tue Feb 03 2026 16:34:41 GMT+0530 (India Standard Time)
Jetty Boys 55 | undefined | Tue Feb 03 2026 16:34:41 GMT+0530 (India Standard Time)
Jetty Boys 58 | undefined | Tue Feb 03 2026 16:34:41 GMT+0530 (India Standard Time)
Jetty Boys 65 | undefined | Tue Feb 03 2026 16:34:42 GMT+0530 (India Standard Time)
JOCKEY BRIEF 199 | undefined | Tue Feb 03 2026 16:34:42 GMT+0530 (India Standard Time)
JOCKEY BRIEF 229 | undefined | Tue Feb 03 2026 16:34:42 GMT+0530 (India Standard Time)
JOCKEY BRIEF 279 | undefined | Tue Feb 03 2026 16:34:42 GMT+0530 (India Standard Time)
jockey brief 399 | undefined | Tue Feb 03 2026 16:34:42 GMT+0530 (India Standard Time)
JOCKEY BRIFS 205 | undefined | Tue Feb 03 2026 16:34:42 GMT+0530 (India Standard Time)
JOCKEY BRIFS 235 | undefined | Tue Feb 03 2026 16:34:42 GMT+0530 (India Standard Time)
JOCKEY TRUKS 279 | undefined | Tue Feb 03 2026 16:34:42 GMT+0530 (India Standard Time)
jockey trunk 285 | undefined | Tue Feb 03 2026 16:34:42 GMT+0530 (India Standard Time)
jockey trunk 579 | undefined | Tue Feb 03 2026 16:34:42 GMT+0530 (India Standard Time)
JOCKEY TRUNKS 299 | undefined | Tue Feb 03 2026 16:34:42 GMT+0530 (India Standard Time)
kavi 265 | undefined | Tue Feb 03 2026 16:34:42 GMT+0530 (India Standard Time)
KAVI 285 | undefined | Tue Feb 03 2026 16:34:42 GMT+0530 (India Standard Time)
kavi 325 | undefined | Tue Feb 03 2026 16:34:42 GMT+0530 (India Standard Time)
kids under wear 49 | undefined | Tue Feb 03 2026 16:34:43 GMT+0530 (India Standard Time)
KuttyMundu | undefined | Tue Feb 03 2026 16:34:43 GMT+0530 (India Standard Time)
KuttyMundu 1 | undefined | Tue Feb 03 2026 16:34:43 GMT+0530 (India Standard Time)
KuttyMundu 2 | undefined | Tue Feb 03 2026 16:34:43 GMT+0530 (India Standard Time)
KuttyMundu 3 | undefined | Tue Feb 03 2026 16:34:43 GMT+0530 (India Standard Time)
KuttyMundu 5 | undefined | Tue Feb 03 2026 16:34:43 GMT+0530 (India Standard Time)
LUNGI 215 | undefined | Tue Feb 03 2026 16:34:43 GMT+0530 (India Standard Time)
LUNGI 265 | undefined | Tue Feb 03 2026 16:34:43 GMT+0530 (India Standard Time)
LUNGI 315 | undefined | Tue Feb 03 2026 16:34:44 GMT+0530 (India Standard Time)
Lungi Color 215 | undefined | Tue Feb 03 2026 16:34:44 GMT+0530 (India Standard Time)
Lungi Color 245 | undefined | Tue Feb 03 2026 16:34:44 GMT+0530 (India Standard Time)
Lungi Color Chek 245 | undefined | Tue Feb 03 2026 16:34:44 GMT+0530 (India Standard Time)
macho 135 | undefined | Tue Feb 03 2026 16:34:45 GMT+0530 (India Standard Time)
Macho Baniyan 156 | undefined | Tue Feb 03 2026 16:34:45 GMT+0530 (India Standard Time)
Macho Baniyan 176 | undefined | Tue Feb 03 2026 16:34:45 GMT+0530 (India Standard Time)
Macho Brief 140 | undefined | Tue Feb 03 2026 16:34:45 GMT+0530 (India Standard Time)
Macho Brief 149 | undefined | Tue Feb 03 2026 16:34:45 GMT+0530 (India Standard Time)
MCR MUNDU 915 | undefined | Tue Feb 03 2026 16:34:45 GMT+0530 (India Standard Time)
mundu kids 155 | undefined | Tue Feb 03 2026 16:34:45 GMT+0530 (India Standard Time)
mundu kids 175 | undefined | Tue Feb 03 2026 16:34:45 GMT+0530 (India Standard Time)
Niker 550 | undefined | Tue Feb 03 2026 16:34:45 GMT+0530 (India Standard Time)
Pant  Sadha 550 | undefined | Tue Feb 03 2026 16:34:46 GMT+0530 (India Standard Time)
Pant 1000 | undefined | Tue Feb 03 2026 16:34:46 GMT+0530 (India Standard Time)
Pant 1049 | undefined | Tue Feb 03 2026 16:34:46 GMT+0530 (India Standard Time)
PANT 1050 | undefined | Tue Feb 03 2026 16:34:46 GMT+0530 (India Standard Time)
PANT 1099 | undefined | Tue Feb 03 2026 16:34:46 GMT+0530 (India Standard Time)
Pant 1100 | undefined | Tue Feb 03 2026 16:34:46 GMT+0530 (India Standard Time)
Pant 1149 | undefined | Tue Feb 03 2026 16:34:47 GMT+0530 (India Standard Time)
Pant 1150 | undefined | Tue Feb 03 2026 16:34:47 GMT+0530 (India Standard Time)
PANT 1199 | undefined | Tue Feb 03 2026 16:34:47 GMT+0530 (India Standard Time)
PANT 1200 | undefined | Tue Feb 03 2026 16:34:47 GMT+0530 (India Standard Time)
Pant 1250 | undefined | Tue Feb 03 2026 16:34:47 GMT+0530 (India Standard Time)
Pant 1350 | undefined | Tue Feb 03 2026 16:34:47 GMT+0530 (India Standard Time)
Pant 550 | undefined | Tue Feb 03 2026 16:34:47 GMT+0530 (India Standard Time)
Pant 585 | undefined | Tue Feb 03 2026 16:34:47 GMT+0530 (India Standard Time)
pant 600 | undefined | Tue Feb 03 2026 16:34:47 GMT+0530 (India Standard Time)
Pant 650 | undefined | Tue Feb 03 2026 16:34:47 GMT+0530 (India Standard Time)
Pant 700 | undefined | Tue Feb 03 2026 16:34:47 GMT+0530 (India Standard Time)
Pant 750 | undefined | Tue Feb 03 2026 16:34:47 GMT+0530 (India Standard Time)
Pant 800 | undefined | Tue Feb 03 2026 16:34:47 GMT+0530 (India Standard Time)
Pant 850 | undefined | Tue Feb 03 2026 16:34:47 GMT+0530 (India Standard Time)
Pant 900 | undefined | Tue Feb 03 2026 16:34:47 GMT+0530 (India Standard Time)
Pant 950 | undefined | Tue Feb 03 2026 16:34:47 GMT+0530 (India Standard Time)
Pant 999 | undefined | Tue Feb 03 2026 16:34:47 GMT+0530 (India Standard Time)
Pant Boys 425 | undefined | Tue Feb 03 2026 16:34:48 GMT+0530 (India Standard Time)
Pant Boys 450 | undefined | Tue Feb 03 2026 16:34:48 GMT+0530 (India Standard Time)
Pant Boys 475 | undefined | Tue Feb 03 2026 16:34:48 GMT+0530 (India Standard Time)
Pant Boys 525 | undefined | Tue Feb 03 2026 16:34:48 GMT+0530 (India Standard Time)
Pant Boys 550 | undefined | Tue Feb 03 2026 16:34:48 GMT+0530 (India Standard Time)
Pant Boys 575 | undefined | Tue Feb 03 2026 16:34:48 GMT+0530 (India Standard Time)
Pant Boys 625 | undefined | Tue Feb 03 2026 16:34:48 GMT+0530 (India Standard Time)
Pant Boys 675 | undefined | Tue Feb 03 2026 16:34:48 GMT+0530 (India Standard Time)
Pant Boys 700 | undefined | Tue Feb 03 2026 16:34:48 GMT+0530 (India Standard Time)
Pant Boys 750 | undefined | Tue Feb 03 2026 16:34:48 GMT+0530 (India Standard Time)
Pant Boys 800 | undefined | Tue Feb 03 2026 16:34:48 GMT+0530 (India Standard Time)
S K C Baniyan 135 | undefined | Tue Feb 03 2026 16:34:48 GMT+0530 (India Standard Time)
S K C Baniyan 150 | undefined | Tue Feb 03 2026 16:34:48 GMT+0530 (India Standard Time)
S k C Baniyan 175 | undefined | Tue Feb 03 2026 16:34:49 GMT+0530 (India Standard Time)
S K C Baniyan 185 | undefined | Tue Feb 03 2026 16:34:49 GMT+0530 (India Standard Time)
S K C Baniyan 60 | undefined | Tue Feb 03 2026 16:34:49 GMT+0530 (India Standard Time)
S K C Baniyan 68 | undefined | Tue Feb 03 2026 16:34:49 GMT+0530 (India Standard Time)
S K C Baniyn 78 | undefined | Tue Feb 03 2026 16:34:49 GMT+0530 (India Standard Time)
S K C Brief 110 | undefined | Tue Feb 03 2026 16:34:49 GMT+0530 (India Standard Time)
S K C Tranks 165 | undefined | Tue Feb 03 2026 16:34:49 GMT+0530 (India Standard Time)
Shirrt 15 | undefined | Tue Feb 03 2026 16:34:49 GMT+0530 (India Standard Time)
Shirt | undefined | Tue Feb 03 2026 16:34:49 GMT+0530 (India Standard Time)
Shirt  749 | undefined | Tue Feb 03 2026 16:34:49 GMT+0530 (India Standard Time)
Shirt  759 | undefined | Tue Feb 03 2026 16:34:49 GMT+0530 (India Standard Time)
Shirt  989 | undefined | Tue Feb 03 2026 16:34:49 GMT+0530 (India Standard Time)
Shirt 1 | undefined | Tue Feb 03 2026 16:34:49 GMT+0530 (India Standard Time)
Shirt 1045 | undefined | Tue Feb 03 2026 16:34:49 GMT+0530 (India Standard Time)
Shirt 11 | undefined | Tue Feb 03 2026 16:34:49 GMT+0530 (India Standard Time)
Shirt 1145 | undefined | Tue Feb 03 2026 16:34:50 GMT+0530 (India Standard Time)
Shirt 12 | undefined | Tue Feb 03 2026 16:34:50 GMT+0530 (India Standard Time)
Shirt 1245 | undefined | Tue Feb 03 2026 16:34:50 GMT+0530 (India Standard Time)
Shirt 1295 | undefined | Tue Feb 03 2026 16:34:50 GMT+0530 (India Standard Time)
Shirt 13 | undefined | Tue Feb 03 2026 16:34:50 GMT+0530 (India Standard Time)
Shirt 14 | undefined | Tue Feb 03 2026 16:34:51 GMT+0530 (India Standard Time)
Shirt 16 | undefined | Tue Feb 03 2026 16:34:51 GMT+0530 (India Standard Time)
Shirt 17 | undefined | Tue Feb 03 2026 16:34:51 GMT+0530 (India Standard Time)
Shirt 1795 | undefined | Tue Feb 03 2026 16:34:52 GMT+0530 (India Standard Time)
Shirt 1845 | undefined | Tue Feb 03 2026 16:34:52 GMT+0530 (India Standard Time)
Shirt 2 | undefined | Tue Feb 03 2026 16:34:52 GMT+0530 (India Standard Time)
Shirt 3 | undefined | Tue Feb 03 2026 16:34:52 GMT+0530 (India Standard Time)
Shirt 325 | undefined | Tue Feb 03 2026 16:34:52 GMT+0530 (India Standard Time)
Shirt 4 | undefined | Tue Feb 03 2026 16:34:52 GMT+0530 (India Standard Time)
Shirt 425 | undefined | Tue Feb 03 2026 16:34:52 GMT+0530 (India Standard Time)
Shirt 475 | undefined | Tue Feb 03 2026 16:34:52 GMT+0530 (India Standard Time)
Shirt 485 | undefined | Tue Feb 03 2026 16:34:52 GMT+0530 (India Standard Time)
Shirt 5 | undefined | Tue Feb 03 2026 16:34:52 GMT+0530 (India Standard Time)
shirt 500 | undefined | Tue Feb 03 2026 16:34:52 GMT+0530 (India Standard Time)
Shirt 525 | undefined | Tue Feb 03 2026 16:34:52 GMT+0530 (India Standard Time)
Shirt 550 | undefined | Tue Feb 03 2026 16:34:52 GMT+0530 (India Standard Time)
Shirt 6 | undefined | Tue Feb 03 2026 16:34:52 GMT+0530 (India Standard Time)
Shirt 600 | undefined | Tue Feb 03 2026 16:34:53 GMT+0530 (India Standard Time)
Shirt 625 | undefined | Tue Feb 03 2026 16:34:53 GMT+0530 (India Standard Time)
shirt 645 | undefined | Tue Feb 03 2026 16:34:53 GMT+0530 (India Standard Time)
Shirt 650 | undefined | Tue Feb 03 2026 16:34:53 GMT+0530 (India Standard Time)
Shirt 675 | undefined | Tue Feb 03 2026 16:34:53 GMT+0530 (India Standard Time)
Shirt 685 | undefined | Tue Feb 03 2026 16:34:53 GMT+0530 (India Standard Time)
Shirt 695 | undefined | Tue Feb 03 2026 16:34:54 GMT+0530 (India Standard Time)
Shirt 700 | undefined | Tue Feb 03 2026 16:34:54 GMT+0530 (India Standard Time)
Shirt 709 | undefined | Tue Feb 03 2026 16:34:54 GMT+0530 (India Standard Time)
shirt 725 | undefined | Tue Feb 03 2026 16:34:54 GMT+0530 (India Standard Time)
Shirt 745 | undefined | Tue Feb 03 2026 16:34:54 GMT+0530 (India Standard Time)
Shirt 750 | undefined | Tue Feb 03 2026 16:34:54 GMT+0530 (India Standard Time)
Shirt 795 | undefined | Tue Feb 03 2026 16:34:54 GMT+0530 (India Standard Time)
Shirt 800 | undefined | Tue Feb 03 2026 16:34:54 GMT+0530 (India Standard Time)
Shirt 825 | undefined | Tue Feb 03 2026 16:34:55 GMT+0530 (India Standard Time)
Shirt 850 | undefined | Tue Feb 03 2026 16:34:55 GMT+0530 (India Standard Time)
Shirt 875 | undefined | Tue Feb 03 2026 16:34:55 GMT+0530 (India Standard Time)
Shirt 925 | undefined | Tue Feb 03 2026 16:34:55 GMT+0530 (India Standard Time)
Shirt 945 | undefined | Tue Feb 03 2026 16:34:55 GMT+0530 (India Standard Time)
Shirt 975 | undefined | Tue Feb 03 2026 16:34:55 GMT+0530 (India Standard Time)
Shirt 995 | undefined | Tue Feb 03 2026 16:34:55 GMT+0530 (India Standard Time)
Shirt Boys 475 | undefined | Tue Feb 03 2026 16:34:55 GMT+0530 (India Standard Time)
Shirt Boys 525 | undefined | Tue Feb 03 2026 16:34:55 GMT+0530 (India Standard Time)
Shirt Boys 550 | undefined | Tue Feb 03 2026 16:34:55 GMT+0530 (India Standard Time)
Shirt Boys 575 | undefined | Tue Feb 03 2026 16:34:55 GMT+0530 (India Standard Time)
Shirt Boys 600 | undefined | Tue Feb 03 2026 16:34:55 GMT+0530 (India Standard Time)
Shirt Boys 625 | undefined | Tue Feb 03 2026 16:34:56 GMT+0530 (India Standard Time)
Shole | undefined | Tue Feb 03 2026 16:34:56 GMT+0530 (India Standard Time)
Short 290 | undefined | Tue Feb 03 2026 16:34:56 GMT+0530 (India Standard Time)
SHORT 298 | undefined | Tue Feb 03 2026 16:34:56 GMT+0530 (India Standard Time)
short 310 | undefined | Tue Feb 03 2026 16:34:56 GMT+0530 (India Standard Time)
Short 325 | undefined | Tue Feb 03 2026 16:34:56 GMT+0530 (India Standard Time)
Short 345 | undefined | Tue Feb 03 2026 16:34:56 GMT+0530 (India Standard Time)
Short 375 | undefined | Tue Feb 03 2026 16:34:56 GMT+0530 (India Standard Time)
short 475 | undefined | Tue Feb 03 2026 16:34:56 GMT+0530 (India Standard Time)
Sille Mundu | undefined | Tue Feb 03 2026 16:34:56 GMT+0530 (India Standard Time)
Singil Mundu 245 | undefined | Tue Feb 03 2026 16:34:56 GMT+0530 (India Standard Time)
Singin Mundu 225 | undefined | Tue Feb 03 2026 16:34:56 GMT+0530 (India Standard Time)
Single Mundu | undefined | Tue Feb 03 2026 16:34:56 GMT+0530 (India Standard Time)
Single Mundu 3 | undefined | Tue Feb 03 2026 16:34:57 GMT+0530 (India Standard Time)
socks | undefined | Tue Feb 03 2026 16:34:57 GMT+0530 (India Standard Time)
Socks  75 | undefined | Tue Feb 03 2026 16:34:57 GMT+0530 (India Standard Time)
socks 100 | undefined | Tue Feb 03 2026 16:34:57 GMT+0530 (India Standard Time)
socks 60 | undefined | Tue Feb 03 2026 16:34:57 GMT+0530 (India Standard Time)
Socks 65 | undefined | Tue Feb 03 2026 16:34:57 GMT+0530 (India Standard Time)
Socks 70 | undefined | Tue Feb 03 2026 16:34:57 GMT+0530 (India Standard Time)
Socks 75 | undefined | Tue Feb 03 2026 16:34:57 GMT+0530 (India Standard Time)
SOCKS 80 | undefined | Tue Feb 03 2026 16:34:57 GMT+0530 (India Standard Time)
Socks 85 | undefined | Tue Feb 03 2026 16:34:57 GMT+0530 (India Standard Time)
Socks65 | undefined | Tue Feb 03 2026 16:34:57 GMT+0530 (India Standard Time)
Sporto Trunk 197 | undefined | Tue Feb 03 2026 16:34:57 GMT+0530 (India Standard Time)
T  Shirt | undefined | Tue Feb 03 2026 16:34:57 GMT+0530 (India Standard Time)
T  Shirt 445 | undefined | Tue Feb 03 2026 16:34:57 GMT+0530 (India Standard Time)
T SHIRT | undefined | Tue Feb 03 2026 16:34:57 GMT+0530 (India Standard Time)
T Shirt 1Man 425 | undefined | Tue Feb 03 2026 16:34:57 GMT+0530 (India Standard Time)
T Shirt 235 | undefined | Tue Feb 03 2026 16:34:58 GMT+0530 (India Standard Time)
T SHIRT 245 | undefined | Tue Feb 03 2026 16:34:58 GMT+0530 (India Standard Time)
T Shirt 250 | undefined | Tue Feb 03 2026 16:34:58 GMT+0530 (India Standard Time)
T SHIRT 255 | undefined | Tue Feb 03 2026 16:34:58 GMT+0530 (India Standard Time)
T SHIRT 265 | undefined | Tue Feb 03 2026 16:34:58 GMT+0530 (India Standard Time)
T Shirt 275 | undefined | Tue Feb 03 2026 16:34:58 GMT+0530 (India Standard Time)
T SHIRT 285 | undefined | Tue Feb 03 2026 16:34:58 GMT+0530 (India Standard Time)
t shirt 295 | undefined | Tue Feb 03 2026 16:34:58 GMT+0530 (India Standard Time)
T SHIRT 300 | undefined | Tue Feb 03 2026 16:34:58 GMT+0530 (India Standard Time)
T SHIRT 319 | undefined | Tue Feb 03 2026 16:34:58 GMT+0530 (India Standard Time)
T Shirt 325 | undefined | Tue Feb 03 2026 16:34:58 GMT+0530 (India Standard Time)
T Shirt 350 | undefined | Tue Feb 03 2026 16:34:58 GMT+0530 (India Standard Time)
T Shirt 375 | undefined | Tue Feb 03 2026 16:34:58 GMT+0530 (India Standard Time)
t shirt 395 | undefined | Tue Feb 03 2026 16:34:58 GMT+0530 (India Standard Time)
T shirt 400 | undefined | Tue Feb 03 2026 16:34:58 GMT+0530 (India Standard Time)
T Shirt 425 | undefined | Tue Feb 03 2026 16:34:58 GMT+0530 (India Standard Time)
T Shirt 435 | undefined | Tue Feb 03 2026 16:34:58 GMT+0530 (India Standard Time)
T Shirt 450 | undefined | Tue Feb 03 2026 16:34:58 GMT+0530 (India Standard Time)
t shirt 465 | undefined | Tue Feb 03 2026 16:34:58 GMT+0530 (India Standard Time)
T Shirt 475 | undefined | Tue Feb 03 2026 16:34:59 GMT+0530 (India Standard Time)
T Shirt 485 | undefined | Tue Feb 03 2026 16:34:59 GMT+0530 (India Standard Time)
T Shirt 495 | undefined | Tue Feb 03 2026 16:34:59 GMT+0530 (India Standard Time)
T Shirt 500 | undefined | Tue Feb 03 2026 16:34:59 GMT+0530 (India Standard Time)
T Shirt 525 | undefined | Tue Feb 03 2026 16:34:59 GMT+0530 (India Standard Time)
T Shirt 550 | undefined | Tue Feb 03 2026 16:34:59 GMT+0530 (India Standard Time)
T Shirt 575 | undefined | Tue Feb 03 2026 16:34:59 GMT+0530 (India Standard Time)
T Shirt 585 | undefined | Tue Feb 03 2026 16:34:59 GMT+0530 (India Standard Time)
t shirt 599 | undefined | Tue Feb 03 2026 16:34:59 GMT+0530 (India Standard Time)
T Shirt 600 | undefined | Tue Feb 03 2026 16:34:59 GMT+0530 (India Standard Time)
T Shirt 625 | undefined | Tue Feb 03 2026 16:34:59 GMT+0530 (India Standard Time)
T Shirt 650 | undefined | Tue Feb 03 2026 16:34:59 GMT+0530 (India Standard Time)
T Shirt 675 | undefined | Tue Feb 03 2026 16:34:59 GMT+0530 (India Standard Time)
t shirt 699 | undefined | Tue Feb 03 2026 16:34:59 GMT+0530 (India Standard Time)
T Shirt 700 | undefined | Tue Feb 03 2026 16:35:00 GMT+0530 (India Standard Time)
T Shirt 750 | undefined | Tue Feb 03 2026 16:35:00 GMT+0530 (India Standard Time)
T Shirt 775 | undefined | Tue Feb 03 2026 16:35:00 GMT+0530 (India Standard Time)
T SHIRT 799 | undefined | Tue Feb 03 2026 16:35:00 GMT+0530 (India Standard Time)
T Shirt 850 | undefined | Tue Feb 03 2026 16:35:00 GMT+0530 (India Standard Time)
T Shirt gym 275 | undefined | Tue Feb 03 2026 16:35:00 GMT+0530 (India Standard Time)
Thorth 50 | undefined | Tue Feb 03 2026 16:35:00 GMT+0530 (India Standard Time)
towel 37 | undefined | Tue Feb 03 2026 16:35:00 GMT+0530 (India Standard Time)
Track 450 | undefined | Tue Feb 03 2026 16:35:00 GMT+0530 (India Standard Time)
track 585 | undefined | Tue Feb 03 2026 16:35:00 GMT+0530 (India Standard Time)
TRACK 625 | undefined | Tue Feb 03 2026 16:35:00 GMT+0530 (India Standard Time)
TRACK 650 | undefined | Tue Feb 03 2026 16:35:00 GMT+0530 (India Standard Time)
Track Pant 225 | undefined | Tue Feb 03 2026 16:35:00 GMT+0530 (India Standard Time)
Track Pant 235 | undefined | Tue Feb 03 2026 16:35:00 GMT+0530 (India Standard Time)
Track Pant 265 | undefined | Tue Feb 03 2026 16:35:00 GMT+0530 (India Standard Time)
Track Pant 275 | undefined | Tue Feb 03 2026 16:35:00 GMT+0530 (India Standard Time)
Track Pant 325 | undefined | Tue Feb 03 2026 16:35:00 GMT+0530 (India Standard Time)
Track Pant 425 | undefined | Tue Feb 03 2026 16:35:00 GMT+0530 (India Standard Time)
Track pant 465 | undefined | Tue Feb 03 2026 16:35:00 GMT+0530 (India Standard Time)
TRACK PANT 525 | undefined | Tue Feb 03 2026 16:35:00 GMT+0530 (India Standard Time)
Track Pant 550 | undefined | Tue Feb 03 2026 16:35:00 GMT+0530 (India Standard Time)
Trackpant 345 | undefined | Tue Feb 03 2026 16:35:00 GMT+0530 (India Standard Time)
Trackpant 350 | undefined | Tue Feb 03 2026 16:35:01 GMT+0530 (India Standard Time)
Trackpant 375 | undefined | Tue Feb 03 2026 16:35:01 GMT+0530 (India Standard Time)
Trackpant 450 | undefined | Tue Feb 03 2026 16:35:01 GMT+0530 (India Standard Time)
Trackpant 475 | undefined | Tue Feb 03 2026 16:35:01 GMT+0530 (India Standard Time)
trunk 100 | undefined | Tue Feb 03 2026 16:35:01 GMT+0530 (India Standard Time)
trunk 110 | undefined | Tue Feb 03 2026 16:35:01 GMT+0530 (India Standard Time)
Trunk 120 | undefined | Tue Feb 03 2026 16:35:01 GMT+0530 (India Standard Time)
trunk 130 | undefined | Tue Feb 03 2026 16:35:01 GMT+0530 (India Standard Time)
trunk 166 | undefined | Tue Feb 03 2026 16:35:01 GMT+0530 (India Standard Time)
TRUNK 170 | undefined | Tue Feb 03 2026 16:35:01 GMT+0530 (India Standard Time)
trunk 179 | undefined | Tue Feb 03 2026 16:35:01 GMT+0530 (India Standard Time)
Trunks 150 | undefined | Tue Feb 03 2026 16:35:01 GMT+0530 (India Standard Time)
Trunks 175 | undefined | Tue Feb 03 2026 16:35:01 GMT+0530 (India Standard Time)
Trunks White 185 | undefined | Tue Feb 03 2026 16:35:01 GMT+0530 (India Standard Time)
TShirt 385 | undefined | Tue Feb 03 2026 16:35:01 GMT+0530 (India Standard Time)
TShirt 410 | undefined | Tue Feb 03 2026 16:35:02 GMT+0530 (India Standard Time)
white jockey trunk | undefined | Tue Feb 03 2026 16:35:02 GMT+0530 (India Standard Time)